username	bagel_id	score	comment
Mimi's Jeff	1	6	Chewy, looks good, bready
Mimi's Jeff	2	5	perfectly average bagel, would eat
Mimi's Jeff	3	7	pleasantly chewy, crunchy and tasty
Mimi's Jeff	4	8	great crunchy crust with soft inside and beautiful appearance and good taste
Mimi's Jeff	5	5	sticky toppings, really bready, felt cheap
Mimi's Jeff	6	4	dry, overbaked and bready
Mimi's Jeff	7	8	pillowy appearance, delicious and made me happy
Mimi's Jeff	8	4	sticky poor texture, tasted like bread
Mimi's Jeff	9	5	average bagel
Mimi's Jeff	10	5	tastes ok, too onioney
Mimi's Jeff	11	6	tastes and looks slightly better than average
Mimi's Jeff	12	7	chewey beautiful and tastes pretty darn good
Mimi's Jeff	13	6	two bready, didn't stand out
Mimi's Jeff	14	6	very thin, just ok
Mimi's Jeff	15	6	very average, but pretty
Vanessa	1	5	Dry
Vanessa	2	5	Dry
Vanessa	3	3	Tastes like plain bread
Vanessa	4	4	Tastes like french bread (which is not what a bagel is supposed to taste like...)
Vanessa	5	4	Tastes like dried brioche
Vanessa	6	6	Good bagel crust, average bagel taste
Vanessa	7	2	Looks like a bagel you'd get at a free continental breakfast; tastes like it too
Vanessa	8	6	Looks like legit bagel, but a little tough on the inside
Vanessa	9	3	Looks like a grocery store-bought packaged bagel. Tastes like french bread with some seeds on top.
Vanessa	10	7	Looks like a legit bagel, taste didn't live up to looks (but if it had been really fresh it may have)
Vanessa	11	4	No real crust, pretty good topping, nothing special bagel
Vanessa	12	4	No real taste
Vanessa	13	1	Pulled out of bag and laughed; tasted exactly as expected (like bread without bread taste)
Vanessa	14	2	Inside of bagel looks dense and has no character; seasoning decent and overwhelms taste
Vanessa	15	4	Tastes like dried brioche
mimi merliss	1	4	texture: :)\ntopping: smiley face
mimi merliss	2	6	texture: better texture\n
mimi merliss	3	8	smells fresh, yummy
mimi merliss	4	8	beautiful crumb
mimi merliss	5	3	bready, sticky topping
mimi merliss	6	2	too chewy, shaped badly
mimi merliss	7	10	lovely color, clearly prepared properly.  a true bagel. 
mimi merliss	8	3	hard to bite through, looked over baked 
mimi merliss	9	2	bread not bagel. tastes like sourdough. 
mimi merliss	10	2	i swear this is the same bagel as #6
mimi merliss	11	6	good crumb well seasoned not outstanding
mimi merliss	12	7	very chewy but good taste
mimi merliss	13	6	tasty, a little bready
mimi merliss	14	7	well seasoned, 
mimi merliss	15	7	okay, yummy; nothing special
Edels	1	8	good seasoning, the onion doesn't overpower. Good crust, perhaps a bit light. Nice chewy interior
Edels	2	9	Great seasoning. Nice crust. Excellent chew & density.
Edels	3	7	The onions were pungent! Excellent chew.
Edels	4	8	Spectacular seasoning. Great crust. Interior is too dense.
Edels	5	1	The exterior tastes almost burnt and the spices are way too strong. The crust is too thick and the interior too chewy. I almost didn't finish it.
Edels	6	8	Good blend of seasoning and good chew.
Edels	7	7	Good seasoning, but the onion overpowers. There's 0 crust. The interior has a good chrew but it could use a bit more density.
Edels	8	6	Tasty blend of seasoning. The exterior is too tough/crusty. The interiot is a bit too chewy/dense.
Edels	9	8	AMAZING seasoning. The crust is too thick/chewy. The interior is excellent.
Edels	10	6	The seasoning is a bit too strong. The crust is a bit too thick.
Edels	11	10	This is my favorite bagel. The seasoning is perfect, the crust has the right amount of crunch, and the interior has the right amount of chew without being too dense
Edels	12	7	Good seasoning, perhaps a bit mild. Not much of a crust. The interior has good chew but is a bit too dense.
Edels	13	9	This is tied for second place. It's like #11 but with a lower density interior.
Edels	14	6	Strong poppy seed taste. Very tough and chewy.
Edels	15	9	This is tied for second place. It's like #11 but with a higher density interior.
Kevin S.	1	7	good standard bagel
Kevin S.	2	5	dough was too sweet, also not enough salt
Kevin S.	3	9	Similar to #1 but better
Kevin S.	4	6	light, not much chew, hint of sweetness
Kevin S.	5	7	chewy and toasty
Kevin S.	6	6	salty dough, a little gluey, thick and dense
Kevin S.	7	2	literally a store bought bagel
Kevin S.	8	7	very toasty
Kevin S.	9	8	tastes like sourdough, surprisingly good given that it’s only a sesame bagel
Kevin S.	10	7	strong spiced flavor reminiscent of licorice or fennel (caraway seeds?)
Kevin S.	11	6	delicate, light
Kevin S.	12	6	delicate, light
Kevin S.	13	6	outside crust too thin, light
Kevin S.	14	4	sweet, no chew, flat inside with no texture\n
Kevin S.	15	5	unremarkable (but this was the last one we tasted so, bagel fatigue?)
Christina Foster	1	9	Very savory, great texture, 
Christina Foster	2	5	Hard texture, don't like the onion
Christina Foster	3	7	I like the sesame. Nice overall bagel. A little hard. 
Christina Foster	4	7	Great texture.  Good flavor.  
Christina Foster	5	8	Soft and yummy all around
Christina Foster	6	5	tougher than I'd like, and okay flavor
Christina Foster	7	6	Not as dense as anticipated, so that was nice. Average flavor
Christina Foster	8	7	A little tangy, which I like. Very nice flavor. 
Christina Foster	9	6	Pretty bagel, great plain/normal bagel
Christina Foster	10	6	Lots of flavor and spice. Texture is great, but a little too much salt for the flavor. 
Christina Foster	11	9	Tastes very fresh, Very solid flavor. Great bagel. 
Christina Foster	12	4	crust is hard and chewy, flavor is good though. 
Christina Foster	13	4	Pretty boring bagel, 
Christina Foster	14	6	I like the poppyseeds, but there's not much other flavor, A little firm, 
Christina Foster	15	7	Overall good, not a ton going on to make it amazing, 
Austin Foster	1	7	a touch dry, but good flavor
Austin Foster	2	7	Sticky exterior, more mild flavor.  Slight sweet onion.
Austin Foster	3	6	Nice little bagel, nothing crazy, which I like
Austin Foster	4	8	Good texture, good mild flavor.  Not over powering.  This one is good.
Austin Foster	5	8	Very soft, I really like this one. Hint of onion and cheese
Austin Foster	6	6	More stuff on it and it's not doing anything. 
Austin Foster	7	7	Perfect texture, feels like a classic bagel, 
Austin Foster	8	9	very crisp, but fluffy interior
Austin Foster	9	7	Good texture, good bagel, well executed but a little plain
Austin Foster	10	6	A little salty, tastes like it's covered in garlic salt, little cheese flavor in there but mostly garlic/salt. 
Austin Foster	11	9	Texture is great, flavor it good, not a lot to not like 
Austin Foster	12	4	Toppings not well distributed, but pretty shine. Felt sticky. Taste okay. 
Austin Foster	13	3	Topping unevenly distributed again. It's an Everything bagel with nothing. 
Austin Foster	14	6	Really nice crust, firm interior
Austin Foster	15	7	good, but not amazing. 
Donovan	1	9	Love the seasoning, a little dry
Donovan	2	5	Great texture, was lacking oomph
Donovan	3	4	Left a funky taste in my mouth
Donovan	4	4	Lacking some flavor. A bit dough-y
Donovan	5	6	Good texture. Kinda messy, lacking oomph
Donovan	6	8	Nice toasty flavor with solid seasoning.
Donovan	7	5	Very light and airy. Nothing remarkable in the seasoning
Donovan	8	7	Solid bagel, rough to chew
Donovan	9	5	Didn't realize this was a bird feeder test!
Donovan	10	7	Good texture, a bit too salty
Donovan	11	8	Great flavor
Donovan	12	3	Tastes like dough. Bad aftertaste
Donovan	13	3	Dry. Not a great taste
Donovan	14	4	Bland and styrofoam-y. Cream cheese was good!
Donovan	15	7	Decent flavor, a little dough-y
Brynne	1	8	Good chew, great flavor 
Brynne	2	5	Good flavor, tough
Brynne	3	6	Strong onion flavor, good texture
Brynne	4	10	Fantastic texture, great taste
Brynne	5	4	Tougher, dark, good flavor hard texture
Brynne	6	7	Salty, good poppy flavor, decent texture
Brynne	7	8	Good chew, doughy, solid flavor
Brynne	8	7	Heavy on the sesame, salty good flavor
Brynne	9	7	Sesame only, light color, tangy
Brynne	10	7	Darker, whole wheat?, good poppy onion combo
Brynne	11	9	Really good flavor, light salty
Brynne	12	3	Boring, not much flavor
Brynne	13	5	Kinda tough, not much flavor
Brynne	14	5	Dense, bready, descent flavor
Brynne	15	6	Firm, nothing special
Mark	1	5	Didn't like the toppings on this. A bit dry
Mark	2	2	Dense dough, texture is not good while chewing, unappealing flavor.
Mark	3	7	
Mark	4	7	Airier dough than most
Mark	5	3	Dough texture was not good, very messy to hold due to excessive poppy seeds.
Mark	6	7	Good, but taste more like a pretzel than a bagel
Mark	7	4	Dense, gluey structure. Bad mouthfeel.
Mark	8	4	Strong burnt flavoring, too many seeds
Mark	9	4	Skin of the bagel was incredibly difficult to bite through. Sour dough aftertaste lingered too long.
Mark	10	2	Strong flavoring on toppings trying to make up for a poorly baked bagel. 
Mark	11	8	The saltiness of the toppings really works well with the bagel 
Mark	12	9	Great! My favorite of the bunch.
Mark	13	3	Odd flavor (burnt garlic?). Tough to chew
Mark	14	3	Too many seeds. Texture is really dense
Mark	15	6	A bit dried out, but overall ok
Topher 	1	7	Typical bagel bite. Nothing really stood out. 
Topher 	2	3	There's a flavor I can't pinpoint that is overwhelming.
Topher 	3	2	Garlic was overwhelming
Topher 	4	7	Wonderful toasty aroma that only transfered to the taste.
Topher 	5	8	I appreciated the how well the cream cheese worked with this bagel. Great bite!
Topher 	6	3	Bite was a little more chewy for my taste
Topher 	7	6	Seasoning was great. Bagel was a little soft, and I believe would have been better toasted.
Topher 	8	7	Great first bite! Visually pleasing to look at with the addition of cheese. All of the flavors worked well together.
Topher 	9	6	Sesame seed bagel is a classic. 
Topher 	10	5	First bite was great. Burnt onion flavor would stop me from taking a second bite though.
Topher 	11	7	Great texture, a little strong on pepper.
Topher 	12	5	Garlic took over and became the only taste I experienced.
Topher 	13	5	I couldn't put my finger on the flavor. My initial thoughts were how the cream cheese didn't work with bagel.
Topher 	14	7	Enjoyed the texture of the poppy seeds. Taste was subtle, and not overwhelming. Which is what I look for in a bagel.
Topher 	15	8	I believe I tasted pepper, onion, and garlic. If I'm right, I would consider that a good combination. The flavor blended well together, and nothing was overwhelming.
Candice	1	7	Great texture, very typical bagel with chewy crust and soft inside, toasted nicely, could have had better "everything" seasoning coverage
Candice	2	3	Massive and bready, good coverage of "everything" seasoning but there's something in it that was overwhelming. Not a fan, needs better texture
Candice	3	6	Seemed dry when tearing it apart, but wasn't overly chewy and had a good flavor. Lots of "everything" seasoning with tons of roasted garlic
Candice	4	6	Excellent toasted smell, soft and chewy, light on "everything" seasoning, but was overwhelmed with sesame flavor. Would love to try a different flavor
Candice	5	3	Nice coverage of "everything" seasoning, very chewy and not super soft, looked nice tho
Candice	6	2	Chewy, extra dense, maybe undercooked or underproofed? "Everything" seasoning is tasty, heavy on sesame with good coverage. Would not eat again
Candice	7	5	Soft and bready, a bit dense, seems like a basic dough, but the "everything" seasoning is delicious with great coverage, could be better toasted
Candice	8	4	Full coverage of "everything" seasoning, slightly burnt onion flavor, super chewy but not as flavorful as other sourdough bagels
Candice	9	5	Toasted sesame only, all over coverage, soft and chewy. A little boring next to the "everything" bagels
Candice	10	4	Sourdough is super chewy, which is good, and the "everything" topping is full coverage but it has a burnt onion flavor, which is sad. A better "everything" mix with less burnt onion would bump this up several points
Candice	11	7	Soft and chewy crumb, good "everything" topping but stronger on pepper, would be great toasted
Candice	12	5	Good "everything" topping that was stronger on garlic, super chewy crust but inside was nice and soft
Candice	13	3	Extra chewy crust, a little drier inside, good "everything" topping, but not a fan overall of texture
Candice	14	5	Sesame and poppy, cute but not tons of flavor, soft and chewy, good crumb, middle of the road for me, maybe better toasted
Candice	15	8	Good texture, chewy but not hard, good crumb, tons of "everything" topping but not overwhelming, onions and garlic I think
Holly Saville	1	5	Bland bagel
Holly Saville	2	7	A bit chewy, but great flavor
Holly Saville	3	8	Great texture and combination of seeds, good flavor.
Holly Saville	4	10	Our favorite! Lots of great flavor with an underlying smokiness, crisp crust while soft and moist on the inside.
Holly Saville	5	2	Too many seeds, negatively affecting both texture and taste
Holly Saville	6	5	Standard bagel texture (a bit chewy), good flavor
Holly Saville	7	5	Best looking bagel, but lacks true flavor. Moist texture.
Holly Saville	8	1	Too many seeds, really hard to chew
Holly Saville	9	7	Loved the consistency of the baked-in sesame seeds. Would toast well
Holly Saville	10	3	Too chewy; maybe too much yeast/butter
Holly Saville	11	6	A little too chewy, good flavor
Holly Saville	12	5	Kinda nutty flavor; too chewy
Holly Saville	13	5	Nice touch with the garlic, overall a bit overcooked
Holly Saville	14	8	A whole lot of flavor, but a bit dry. Might be better fresh
Holly Saville	15	3	Very dense; tasted a bit stale
Mary Downes	1	6	Soft, 
Mary Downes	2	5	Chewy, not a big fan, flour taste, 
Mary Downes	3	9	Good flavor, you can tell it's boiled/not baked, I like the toasted sesame, 
Mary Downes	4	7	Not bad, tastes like Blazing Bagels, 
Mary Downes	5	3	Stale, 
Mary Downes	6	9	Perfect amount of chewiness! 
Mary Downes	7	6	Not a huge fan, blah, 
Mary Downes	8	5	Looks good, completed coated, salty, 
Mary Downes	9	7	Looks boring, but tastes okay. Tastes like sourdough. 
Mary Downes	10	7	Looks nice, pretty bagel, chewy, onion and garlic, not bad, 
Mary Downes	11	8	That one's good! This one's my favorite so far. 
Mary Downes	12	5	It's so chewy! Boring flavor. 
Mary Downes	13	6	boring, not a good flavor
Mary Downes	14	5	Like the look of this one, Unique look 0 10/10 on the look, it's too thick, it reminds me of pound cake, not a fan
Mary Downes	15	4	Nope. Boring, tastes like baking soda
	1	5	Very salty. crunchy
	2	1	This didn't taste or smell great.
	3	3	A bit too onion-y and chewy
	4	8	good amount of salt, a bit lacking in topping, but tastes and smells pretty great.
	5	3	burnt topping
	6	7	chewy- but tastes pretty good topping/dough wise
	7	4	onion-y dough, texture nice at the start but then gets gummy
	8	2	bland
	9	5	Good topping coverage. a bit chewy
	10	3	This is just round wheat bread with everything topping
	11	6	Good topping and saltiness
	12	3	onion-y. topping isn't great
	13	5	good dough. lacking on topping
	14	3	too thin, is mostly a sesame bagel. too sweet 
	15	3	just meh
NULL	1	6	very salty, spongy, flavor sticks around
NULL	2	3	tastes odd, but can't place it
NULL	3	5	chewy, good seasoning.
NULL	4	8	Has fennel? good texture. everything topping comes through well
NULL	5	3	open crumb. onion a bit burnt
NULL	6	4	Dense. Extremely chewy. flavor is good.
NULL	7	2	Nice texture at first, ends up gummy
NULL	8	1	bland. burnt
NULL	9	5	very open crumb, very light, a little chewy. would make very good bagel chips
NULL	10	3	This is bread with a chewy crust 
NULL	11	7	salty, light, and spongy 
NULL	12	2	smells/tastes like onion powder in the bagel. balances better with cream cheese
NULL	13	5	Not much everything seasoning, but the bagel itself is solid
NULL	14	3	too sweet. tastes like sesame, not an everything bagel, unexciting. 
NULL	15	3	Bland. Doesn't hold up when you start eating
Samantha Wroblewski	1	5	NULL
Samantha Wroblewski	2	6	NULL
Samantha Wroblewski	3	4	NULL
Samantha Wroblewski	4	4	NULL
Samantha Wroblewski	5	3	NULL
Samantha Wroblewski	6	4	NULL
Samantha Wroblewski	7	5	NULL
Samantha Wroblewski	8	5	NULL
Samantha Wroblewski	9	6	Sesame - good texture 
Samantha Wroblewski	10	6	Good taste salty. Not too chewy not too firm 
Samantha Wroblewski	11	4	NULL
Samantha Wroblewski	12	5	NULL
Samantha Wroblewski	13	3	NULL
Samantha Wroblewski	14	1	NULL
Samantha Wroblewski	15	6	NULL
Alana	1	6	NULL
Alana	2	8	NULL
Alana	3	4	NULL
Alana	4	5	NULL
Alana	5	5	NULL
Alana	6	6	NULL
Alana	7	8	NULL
Alana	8	5	NULL
Alana	9	4	NULL
Alana	10	7	NULL
Alana	11	8	NULL
Alana	12	9	NULL
Alana	13	6	NULL
Alana	14	3	NULL
Alana	15	7	NULL
Zach 2.0	1	4	NULL
Zach 2.0	2	5	NULL
Zach 2.0	3	6	NULL
Zach 2.0	4	6	NULL
Zach 2.0	5	3	NULL
Zach 2.0	6	5	NULL
Zach 2.0	7	8	NULL
Zach 2.0	8	6	NULL
Zach 2.0	9	7	NULL
Zach 2.0	10	6	NULL
Zach 2.0	11	3	NULL
Zach 2.0	12	7	NULL
Zach 2.0	13	2	NULL
Zach 2.0	14	2	NULL
Zach 2.0	15	3	NULL
Shea	1	5	NULL
Shea	2	8	NULL
Shea	3	NULL	Skip
Shea	4	5	NULL
Shea	5	4	NULL
Shea	6	NULL	Skip
Shea	7	7	NULL
Shea	8	7	NULL
Shea	9	8	NULL
Shea	10	7	NULL
Shea	11	7	NULL
Shea	12	7	NULL
Shea	13	7	NULL
Shea	14	5	NULL
Shea	15	7	NULL
Morgan	1	6	NULL
Morgan	2	8	NULL
Morgan	3	6	NULL
Morgan	4	4	NULL
Morgan	5	5	NULL
Morgan	6	NULL	NULL
Morgan	7	6	NULL
Morgan	8	8	NULL
Morgan	9	5	NULL
Morgan	10	4	NULL
Morgan	11	6	NULL
Morgan	12	7	NULL
Morgan	13	7	NULL
Morgan	14	4	NULL
Morgan	15	6	NULL
George 	1	6	NULL
George 	2	8	NULL
George 	3	3	NULL
George 	4	4	NULL
George 	5	5	NULL
George 	6	4	NULL
George 	7	7	NULL
George 	8	8	NULL
George 	9	3	NULL
George 	10	6	NULL
George 	11	8	NULL
George 	12	7	NULL
George 	13	7	NULL
George 	14	4	NULL
George 	15	5	NULL
Brittney Harris	1	5	Salty 
Brittney Harris	2	7	Good but plain
Brittney Harris	3	8	Fluffy 
Brittney Harris	4	3	Boring 
Brittney Harris	5	5	5. Good texture better with cream cheese 5
Brittney Harris	6	5	Harder to chew appropriate salt 5
Brittney Harris	7	4	 Fluffy but meh 4
Brittney Harris	8	8	 Everything on the bagel 8 
Brittney Harris	9	8	Sourdough Sesame 8
Brittney Harris	10	7	Good fennel
Brittney Harris	11	2	Booo 2
Brittney Harris	12	9	Perfect texture great taste 
Brittney Harris	13	3	 Meh 3
Brittney Harris	14	4	Dense, hard to chew 4
Brittney Harris	15	6	Middle of the road \n
NULL	1	NULL	NULL
NULL	2	NULL	NULL
NULL	3	NULL	NULL
NULL	4	NULL	NULL
NULL	5	NULL	NULL
NULL	6	NULL	NULL
NULL	7	NULL	NULL
NULL	8	NULL	NULL
NULL	9	NULL	NULL
NULL	10	NULL	NULL
NULL	11	NULL	NULL
NULL	12	NULL	NULL
NULL	13	NULL	NULL
NULL	14	NULL	NULL
NULL	15	NULL	NULL
Ruth Loving	1	7	Not too dry, seeds were tasty
Ruth Loving	2	7	Weird after taste at first, but good texture
Ruth Loving	3	5	Bland, but texture is fluffy
Ruth Loving	4	6	Tastes savory, thicker texture w/ hard exterior
Ruth Loving	5	3	Way too chewy. Flavor is meh. HURTS TO CHEW!
Ruth Loving	6	4	Too chewy & dry
Ruth Loving	7	10	SO YUMMY! Texture is soft, flavor is perfect blend of sweet & salty. Favorite bagel ever.
Ruth Loving	8	6	A little chewy but eh seasoning was yummy. Slightly bitter.
Ruth Loving	9	5	Texture is fluffy yet chewy. Tastes like sourdough.
Ruth Loving	10	8	Transports me back in time... feels like I'm visiting an old time town/spice market lol
Ruth Loving	11	3	Too tough & too chewy
Ruth Loving	12	7	Good texture, flavor is slightly sour
Ruth Loving	13	5	N/A bc my stupid dog ate this. HE HATES SCIENCE.
Ruth Loving	14	6	Very seasoned, good texture
Ruth Loving	15	5	Reminds me of an Asian shop lol, it's nice and sweet
Kevin Loving	1	8	Not too try and not too moist
Kevin Loving	2	7	Bagel was sweet, seeds weren't good
Kevin Loving	3	5	Too salty
Kevin Loving	4	4	Outside tastes overcooked
Kevin Loving	5	3	Too tough. Inside is grainy.
Kevin Loving	6	3	Really dry and grainy. Flavor is okay but the texture sucks
Kevin Loving	7	5	Very dough. Tastes undercooked
Kevin Loving	8	2	Bad flavor, bad texture
Kevin Loving	9	7	Very different, sourdough-like
Kevin Loving	10	6	Tasty but tough
Kevin Loving	11	3	A lot saltier than expected
Kevin Loving	12	7	Pretty good, almost sticky, sort of bland
Kevin Loving	13	5	N/A, dog ate this one :(
Kevin Loving	14	6	Too many toppings but texture is great
Kevin Loving	15	6	I like the sweetness but it's too dense
Dylan	1	5	Too chewy and tough
Dylan	2	7	Texture good. Not a lot of flavor
Dylan	3	9	NULL
Dylan	4	8	NULL
Dylan	5	6	Very fluffy
Dylan	6	3	Bush league. Hard
Dylan	7	5	Just ok. Not remarkable 
Dylan	8	9	Covered in seeds! Delightfully chewy
Dylan	9	7	Great texture, but yeasty flavor
Dylan	10	5	NULL
Dylan	11	6	NULL
Dylan	12	6	NULL
Dylan	13	6	NULL
Dylan	14	4	NULL
Dylan	15	5	NULL
Sarah	1	3	Super chewy and dry. Seasoning was good, but too bready
Sarah	2	8	texture was amazing, lacking in flavor, works really well with cream cheese
Sarah	3	6	Dry and too chewy. good amount of flavor and good crunch
Sarah	4	5	a little burnt tasting. soft and a bit chewy, but not terrible
Sarah	5	3	soft but chewy. too many poppy seeds
Sarah	6	3	too dense
Sarah	7	7	soft
Sarah	8	9	great seasoning AND flavot
Sarah	9	6	not much taste but great great texture and chewy in the right places (exterior only)
Sarah	10	4	dry with good seasoning
Sarah	11	5	not much flavor but not too chewy
Sarah	12	3	not much flavor and too chewy
Sarah	13	6	more seeds would help. not too chewy
Sarah	14	2	dry and hard to chew
Sarah	15	7	great flavor but too chewy
Big Butts Don't Lie	1	7	tears beautifully, a little bland, oily to the touch
Big Butts Don't Lie	2	9	chewy, nice color, good everything flavor
Big Butts Don't Lie	3	5	meh
Big Butts Don't Lie	4	6	tender, traditional, not as flavorful
Big Butts Don't Lie	5	4	puffy, big holes, bland
Big Butts Don't Lie	6	8	nice crust, good seedy flavor
Big Butts Don't Lie	7	8	tender, everything forward, a little sweet
Big Butts Don't Lie	8	7	poppy seed heavy, tough, burny flavor but in a good way - Eltana? 
Big Butts Don't Lie	9	8	chewy, flavorful
Big Butts Don't Lie	10	8	chewy, burny, flavorful, oniony
Big Butts Don't Lie	11	5	bready flavor, salty, dry, pretty seed coating
Big Butts Don't Lie	12	6	chewy, nice color, good bread flavor, but not enough everything flavor
Big Butts Don't Lie	13	3	meh appearance (looks storebought), meh flavor
Big Butts Don't Lie	14	3	pale, dense
Big Butts Don't Lie	15	6	dry, sweet?
Matthew + Alma Green	1	6	cakey and dry. Ok flavor
Matthew + Alma Green	2	8	very good texture, not alot of flavor. Well bakes though
Matthew + Alma Green	3	5	A little overly chewy. Ok Flavor. Is that jalepeno?
Matthew + Alma Green	4	9	Good flavor, great texture. Well baked. Very good bagel
Matthew + Alma Green	5	7	good presentation, good flavors, a little tough though. Love the poppy
Matthew + Alma Green	6	8	good quality bagel, good taste and texture
Matthew + Alma Green	7	7	Very good texture, not a ton of flavor though
Matthew + Alma Green	8	7	good flavor, good texture. But Have has better
Matthew + Alma Green	9	8	even distribution of sesame. Good sour flavor. A little dry though
Matthew + Alma Green	10	8	Alma thinks the caraway notes are "poetry". Solid bagel
Matthew + Alma Green	11	6	good flavor, but a little too salty. A little chewy.
Matthew + Alma Green	12	9	very good flavor, very good texture. Not dry, but not wet. Very good bagel
Matthew + Alma Green	13	5	Lacks flavor, a little dry
Matthew + Alma Green	14	9	chewy but not dry, good taste and texture. Unique bagel. Might end up constipated, but it would be worth.
Matthew + Alma Green	15	7	Cakey, but not chewy. Good taste good texture
Cecil Swain	1	6	little dry, nice amount of toppings, great chewy texture 
Cecil Swain	2	5	Less toppings on top, not a fan of the coating when they poach the bagel before the bake, good texture
Cecil Swain	3	7	smaller, less toppings :( \nnice crust! Good flavor on inside!\nnot an even bake on top and bottom though 
Cecil Swain	4	9	Soft, very good chew like potato bread! Good flavor- nice salty! Good crust on bottom
Cecil Swain	5	3	Looks burnt on first glance, a lot of poppy seeds.\nToo tough, poppy seeds all came off when we took a bite. Also does give off a burnt flavor
Cecil Swain	6	4	Good distribution of toppings, even bake. \nTough to bite into, dislike of the poaching liquid on the outside crust. nice flavor on inside 
Cecil Swain	7	8	So soft! Sweet inside, salty outside! Nice chew, maybe slight under baked
Cecil Swain	8	6	Too tough to bite into, some of the toppings are burnt. Flavor is on point!!
Cecil Swain	9	3	Sesame seeds are sticking all around!!\nNeeds salt, a bit too chewy and dry
Cecil Swain	10	4	Not a fan of the toppings, over powering. Nice chewy texture
Cecil Swain	11	7	Good overall flavor and texture. \nGood salt!  
Cecil Swain	12	4	Uneven about of toppings, needs more salt. Nothing too special to make us remember this one. *lack*
Cecil Swain	13	6	Needs more toppings and some salt in dough BUT great chew and overall yum!
Cecil Swain	14	6	First glance it looks like another kind of flour used to make the dough... maybe under baked? Flater than the others but taste good! I want to know what flour they used lol not your average bagel if youre looking for something different! Obvi this has my attention  
Cecil Swain	15	8	Nice amount of toppings, great flavor on top! Nice chew and nice texture on the inside :)
Eric	1	8	Good pretzel like flavor, seasoning needed more punch
Eric	2	7	Good chew, not too dense. Sweet in a good way. 
Eric	3	8	Soft but not too chewy, good flavor. Onion heavy season.
Eric	4	6	Dough flavor was interesting, a bit yeasty. Lighter flavor. 
Eric	5	10	Best crew, seasoning on both sides was great, had a nice crust. 
Eric	6	7	Very bready, good outer crust, chewiest of the bunch. 
Eric	7	2	Tastes like a generic brand bagel, too yeasty, under baked. 
Eric	8	5	Dough was a bit dry, slightly bitter. Good salt in the seasoning
Eric	9	7	good sweet sourdough flavor. good chew while still being light. 
Eric	10	8	Really distinct flavor, needed a bit more punch on the seasoning
Eric	11	8	Best seasoning so far, wish it was on the top and bottom, chew was ok but flavor was great
Eric	12	3	Nothing special, underwhelming seasoning, dough was a bit yeasty.
Eric	13	4	Same as 12, exactly the same, but slightly better(?)
Eric	14	5	dough a a good unique flavor but needed more volume, seasoning was ok but needed more salt. 
Eric	15	6	Good crust and chew but overall not our favorite dough taste or seasoning. 
Kyle +christine	1	10	Soft inside, great seasoning, set a high bar
Kyle +christine	2	2	Tough unside, seasoning so garlicky and burnt, sweet bread flavor
Kyle +christine	3	9	Tough outside, but great bread flavor, amazingly soft inside
Kyle +christine	4	4	Burnt outside but soft inside 
Kyle +christine	5	1	Very bad, burnt garlic
Kyle +christine	6	6	Tough outside, but nice inside
Kyle +christine	7	5	Great outside texture, not great bread, burnt garlic
Kyle +christine	8	3	Too much poppyseed, too hard outside, 
Kyle +christine	9	10	Soft inside, lovely bread flavor, soft outside
Kyle +christine	10	4	Tough outside, not fans of fennel seeds. 
Kyle +christine	11	7	Good, soft, inside, weird aftertaste, solid outside
Kyle +christine	12	8	Great bread, good seasoning but it needed more seasoning 
Kyle +christine	13	9	Sweet bread flavor, soft but too many sesame's in the seasoning. 
Kyle +christine	14	7	Not salty enough but solid bread, little too hard on outside
Kyle +christine	15	9	Soft bread, with a good seasoning. 
Kassie	1	6	Good salt in seasoning, pretzel like vibe
Kassie	2	8	Good chew with a slight sweetness to the dough - not too dense 
Kassie	3	9	Really good everything seasoning - onion heavy. Good chew and flavor throughout 
Kassie	4	7	Good bite with interesting dough flavor, lighter seasoning flavor
Kassie	5	10	Best chew with crispy crust outside and seasoning on both sides 
Kassie	6	7	Very bready like eating a baguette. Not the best seasoning - lacked flavor 
Kassie	7	2	Tastes like a store-bought bagel while not terrible doesn't stand up to the other premium bagels in the mix
Kassie	8	6	A bit dry but good dough flavor. Good salt in seasoning mix with good coating on both sides
Kassie	9	8	Good chew and not overly dense. Sweet and slight sour dough flavor. Sesame only if you're into that. 
Kassie	10	7	Distinct flavor in dough that was hard to put my finger on. Good chew
Kassie	11	NULL	Best seasoning! Wish it was on top and bottom. Good dough flavor but not the best chew 
Kassie	12	3	Nothing special - seasoning was underwhelming and dough a bit yeasty 
Kassie	13	4	Also not very special but better than #12
Kassie	14	6	Seasoning needed more salt but liked even coating. Good flavor to the dough but needed more rise
Kassie	15	7	Good crust and chew but not favorite dough taste or seasoning 
Brandon&Xiaoshan	1	5	Strong garlic flavor. Dough was OK. Nothing wrong but also nothing stands out.
Brandon&Xiaoshan	2	4	Strong smell. Big air bubbles in the bagel, making the consistency a little uneven. Taste like a milk dough. Seems like the yeast was not very well worked in. Flavor is OK. 
Brandon&Xiaoshan	3	7	Hint of sweet flavor. Tastes almost like a milk dough. Good consistency. Crust tastes almost like a pretzel, with a stronger "burned" flavor
Brandon&Xiaoshan	4	6	Not bad. Everything seasoning could be more prominent. Bagel is slightly dense.  
Brandon&Xiaoshan	5	7	Huge bagel. Really airy dough. Tastes more like sourdough bread than a bagel. Better than average; but points taken away because it doesn't taste like a bagel. 
Brandon&Xiaoshan	6	3	Dough looked uneven, looks like it wasn't raised properly. Really salty. Feels like eating a pretzel. Too dense even on the bigger end.
Brandon&Xiaoshan	7	8	 Slightly sweet. Really soft center.  Would be even better with a stronger brioche flavor
Brandon&Xiaoshan	8	9	Covered in poppy seed lol. Strong sesame flavor. Sweet dough. Good consistency. Chewy. Brandon's favorite.
Brandon&Xiaoshan	9	7	Sourdough. Love the sour flavor. Strong sesame flavor. The crust is a bit tough. Cream cheese definitely brings out the sour flavor more. Good consistency.
Brandon&Xiaoshan	10	7	Strong everything flavor. Not bad. Middle of the road everything. Edit: it grows on you as you eat more. Crust is slightly tough.
Brandon&Xiaoshan	11	7	Really soft, chewy center. Good texture but everything else was just OK. 
Brandon&Xiaoshan	12	5	bagel slightly salty. Big air bubbles, feels like the yeast was uneven. Meh
Brandon&Xiaoshan	13	9	Tasty dough. Not a lot of spice on it. Great if you don't like super strong everything flavor. Not great if you want your bagel covered in everything. 
Brandon&Xiaoshan	14	2	Tiny bagel. super dense. Dough didn't rise. Really hard to bite and even harder to chew. Our jaws hurt lol 
Brandon&Xiaoshan	15	8	Giant bagel. Really light. Liked the texture a lot. Not super strong flavor. Slightly sweet. Overall a decent bagel. 
NULL	1	5	Taste a little stale, not a lot of flavor. Texture-wise it’s more like bread rather than bagel
NULL	2	6	Looks solid, texture is better than #1 but still not close to an ideal bagel. Also more flavorful than #1.
NULL	3	8	Great crust color, the crumb is surprisingly open but the texture is actually not bad! Flavorful.
NULL	4	6	The everything topping looks a little sad, not a lot of garlic. Texture is fine but not great. Wish there are more chew and more crust.
NULL	5	8	The only thing I don’t like is that there’s way too much poppy seed. Good texture - crust and interior are both good.
NULL	6	7	Impressive height. A little too hard for my taste. Not a bad bagel.
NULL	7	6	Don’t like the texture. Also a little too sweet. Not chewy enough and the crust is not good either.
NULL	8	9	This is probably my favorite by far. Great flavor - salty enough to eat by itself. Good chewy and good crust. Also like the fact the everything topping is covered both sides.
NULL	9	9	Great chew! And is this a sourdough bagel? Love the tangy taste. The crumb looks good too.
NULL	10	7	Texture is good but lack of flavor. Wish there are more topping
NULL	11	5	Too salty. Is this the 3 girl bakery one? I think I recognized its crumb/interior, which there’s big air pockets. Also taste stale too.
NULL	12	7	If I walk in a random bagel shop and got this bagel, I wouldn’t be mad but won’t come back either. It’s a pretty standard bagel.
NULL	13	6	Not a lot of topping. A little too soft. Also smaller than most? A little sad looking for a bagel.
NULL	14	7	It doesn’t taste like a bagel but I like it. It’s not chewy and hasn’t got the boiling mark on its surface, which I suspect it hasn’t been boiled before baking. Reminds me of the Little Largo bagel I tried. 
NULL	15	7	Another standard tasting bagel. Could be chewier, but looks good and flavor is okay too.
